stationID,longitude,latitude,line
1,40.68672833,-73.990272,F-G
2,40.69372533,-73.990678,2-3-4-5-N-R
3,40.69364233,-73.990592,2-3-4-5-N-R
4,40.69439312,-73.99253736,2-3-4-5-N-R
5,40.66272736,-73.96224891,B-Q-S
6,40.67716435,-73.98339417,D-N-R
7,40.67705164,-73.98308231,D-N-R
8,40.67719509,-73.98299,D-N-R
9,40.68069933,-73.975209,2-3-4
10,40.69204411,-73.98621464,N-R
11,40.69225842,-73.98611377,N-R
12,40.69044933,-73.985271,2-3
13,40.69089534,-73.985255,2-3
14,40.69044233,-73.984551,2-3
15,40.69040734,-73.984347,2-3
16,40.6920956,-73.98536144,N-R
17,40.69223494,-73.98519674,N-R
18,40.6915088,-73.98215994,B-D-N-Q-R
19,40.68392533,-73.978871,2-3-4-5-B-D-N-Q-R
20,40.68515511,-73.97774737,2-3-4-5-B-D-N-Q-R
21,40.6923566,-73.98619068,N-R
22,40.68111653,-73.99439275,F-G
23,40.67187792,-73.96437533,2-3-4
24,40.67213641,-73.96415218,2-3-4
25,40.67034265,-73.9578869,2-3-4-5-S
26,40.67074103,-73.9576456,2-3-4-5-S
27,40.68103492,-73.95569778,A-C-S
28,40.67092663,-73.95772032,2-3-4-5-S
29,40.70132133,-73.986653,F
30,40.71875307,-73.98827786,F-J-M-Z
31,40.68986469,-73.9813607,B-D-N-Q-R
32,40.58772911,-73.81401045,A-S
33,40.6991615,-73.98891298,A-C
34,40.69925855,-73.9882707,A-C
35,40.69260441,-73.99060229,2-3-4-5-N-R
36,40.70534033,-73.811829,F
37,40.63504233,-73.962783,B-Q
38,40.75221933,-73.927641,E-M-R
39,40.63637533,-73.994612,D
40,40.71261233,-74.008224,2-3-A-C-E
41,40.68367744,-73.96711602,A-C
42,40.6245642,-73.97577719,F
43,40.70097088,-73.81629903,E
44,40.74655506,-73.89071415,7-E-F-M-R
45,40.69367233,-73.929667,J
46,40.76029733,-73.983567,N-Q-R
47,40.75028333,-73.99065,1-2-3
48,40.74965633,-73.99113,1-2-3
49,40.70547144,-73.9505447,G
50,40.71069234,-74.008428,2-3-4-5-A-C-J-Z
51,40.75031333,-73.990854,1-2-3
52,40.69343233,-73.85244,J-Z
53,40.80776734,-73.919314,6
54,40.62614515,-73.97603747,F
55,40.64271533,-73.97924,F
56,40.76042233,-73.976146,E-M
57,40.6797779,-73.94135896,A-C
58,40.74703633,-73.993138,1-2
59,40.51783269,-74.2390068,@
60,40.64472488,-74.07671915,@
61,40.70858933,-73.95801,J-M-Z
62,40.72558334,-74.003747,A-C-E
63,40.70283633,-73.907481,M
64,40.74781733,-73.883829,7
65,40.70679995,-74.00887882,2-3
66,40.81655333,-73.896234,6
67,40.69002503,-73.9516544,G
68,40.78089533,-73.972918,A-C-B
69,40.86575833,-73.927266,A
70,40.75169833,-73.856017,7
71,40.71947133,-74.001617,4-6-6 Express-J-Z-N-Q-R
72,40.6608587,-73.96204896,B-Q-S
73,40.76645233,-73.982815,1-2-A-C-B-D
74,40.68318133,-73.911274,J-Z
75,40.68338859,-73.96709508,A-C
76,40.74914333,-73.937979,E-M-R
77,40.67805434,-73.910634,A-C
78,40.71269934,-74.004099,4-5-6-6 Express-J-Z
79,40.72371533,-73.950592,G
80,40.68876323,-73.96014953,G
81,40.75406933,-73.942132,F
82,40.76870133,-73.981717,1-2-A-C-B-D
83,40.69397933,-73.94908,G
84,40.76264133,-73.967637,4-5-6-6 Express-N-Q-R
85,40.63303462,-73.94750633,2-5
86,40.68067533,-73.974763,2-3-4
87,40.63325133,-73.947928,2-5
88,40.63285833,-73.947506,2-5
89,40.65066333,-73.949416,2-5
90,40.66812833,-73.950474,2-5
91,40.66980433,-73.950389,3-4
92,40.69543933,-73.949423,G
93,40.66902733,-73.933789,3-4
94,40.66868047,-73.93102884,3-4
95,40.69685193,-73.93545258,J-Z
96,40.71771933,-73.957687,L
97,40.69996633,-73.949913,G
98,40.70662733,-73.952344,J-M
99,40.71376833,-73.951445,G-L
100,40.70331333,-73.946688,J-M
101,40.70059523,-73.94223515,J-M
102,40.72547833,-73.951906,G
103,40.72381033,-73.950928,G
104,40.71444933,-73.944248,L
105,40.71203533,-73.940892,L
106,40.70623434,-73.931989,L
107,40.73227033,-73.954415,G
108,40.66493233,-73.922663,3-4
109,40.66167533,-73.915345,3-4
110,40.64554533,-73.902498,L
111,40.6787143,-73.92151693,A-C
112,40.67859262,-73.91376868,A-C
113,40.68906833,-73.921565,J-Z
114,40.68693333,-73.917295,J
115,40.69014133,-73.922948,J-Z
116,40.67569803,-73.90280547,L
117,40.67676933,-73.899586,J
118,40.67423933,-73.896669,A-C
119,40.6887876,-73.90467904,L
120,40.67250633,-73.890153,A-C
121,40.66628133,-73.88329,3-4
122,40.67400133,-73.880665,A-C
123,40.67526833,-73.872087,A-C-S
124,40.67548833,-73.872086,A-C-S
125,40.70601433,-73.922119,L
126,40.70415333,-73.919273,L
127,40.70334233,-73.917959,L
128,40.70346133,-73.917606,L
129,40.70724233,-73.923723,L
130,40.70621633,-73.921931,L
131,40.70481633,-73.902208,M
132,40.70611538,-73.8955591,M
133,40.74294533,-73.882701,E-M-R
134,40.7548279,-73.84580039,7-7 Express
135,40.75423698,-73.84601379,7-7 Express
136,40.72932525,-73.85955373,E-M-R
137,40.69147144,-73.86659543,J-Z
138,40.69526863,-73.84329543,J-Z
139,40.70120445,-73.81641338,E
140,40.7006296,-73.94199502,J-M
141,40.69571257,-73.90526431,L
142,40.6794871,-73.92972549,A-C
143,40.68835813,-73.96567001,G
144,40.68783351,-73.96788613,G
145,40.68933096,-73.95496904,G
146,40.68955303,-73.95528961,G
147,40.6686647,-73.93072282,3-4
148,40.65145808,-73.96283996,B-Q
149,40.57549885,-73.9769987,F-Q
150,40.66985071,-73.98947403,D-F-G-N-R
151,40.62452814,-73.97615661,F
152,40.51321563,-74.25096684,@
153,40.51538868,-74.24543269,@
154,40.74854733,-73.876576,7
155,40.73333033,-73.870973,E-M-R
156,40.73321333,-73.868733,E-M-R
157,40.74977733,-73.862303,7
158,40.72659533,-73.853492,E-M-R
159,40.72149633,-73.843382,E-F-M-R
160,40.71397033,-73.831328,E-F
161,40.71902353,-73.8379844,E-F
162,40.71492833,-73.831485,E-F
163,40.75939033,-73.82991,7-7 Express
164,40.75971033,-73.829962,7-7 Express
165,40.70809233,-73.8201,E-F
166,40.70266133,-73.817191,E
167,40.70076833,-73.807894,E-J-Z
168,40.70565033,-73.809491,F
169,40.70709133,-73.804491,F
170,40.70755533,-73.802796,F
171,40.71014733,-73.794915,F
172,40.71082133,-73.793213,F
173,40.71094733,-73.792948,F
174,40.71233533,-73.784501,F
175,40.71240033,-73.784304,F
176,40.71290833,-73.783314,F
177,40.71277633,-73.782652,F
178,40.60474078,-73.75417282,A
179,40.58308533,-73.827577,A-S
180,40.58349134,-73.827166,A-S
181,40.58557133,-73.820295,A-S
182,40.59084033,-73.796585,A
183,40.59117633,-73.7961,A
184,40.59223133,-73.78915,A
185,40.59282633,-73.776165,A
186,40.59309234,-73.776047,A
187,40.59541233,-73.767885,A
188,40.67676933,-73.899586,J
189,40.65142085,-73.89917839,L
190,40.73973433,-74.002804,A-C-E-L
191,40.73994933,-74.002655,A-C-E-L
192,40.73977633,-74.002256,A-C-E-L
193,40.74041933,-74.001762,A-C-E-L
194,40.74094433,-74.001402,A-C-E-L
195,40.74105733,-74.001308,A-C-E-L
196,40.71020733,-74.007562,2-3-4-5-A-C-J-Z
197,40.74527833,-73.998771,A-C-E
198,40.74550533,-73.998642,A-C-E
199,40.73742334,-73.99722,1-2-3-L-F-M
200,40.73757233,-73.997111,1-2-3-L-F-M
201,40.73719734,-73.996704,1-2-3-L-F-M
202,40.73714933,-73.996578,1-2-3-L-F-M
203,40.73728633,-73.996437,1-2-3-L-F-M
204,40.73852933,-73.995685,1-2-3-L-F-M
205,40.73447434,-73.990173,4-5-6-6 Express-L-N-Q-R
206,40.73489133,-73.991277,4-5-6-6 Express-L-N-Q-R
207,40.73534434,-73.990283,4-5-6-6 Express-L-N-Q-R
208,40.73652333,-73.990447,4-5-6-6 Express-L-N-Q-R
209,40.74120633,-73.998035,1-2
210,40.74092034,-73.997698,1-2
211,40.74178333,-73.997557,1-2
212,40.74161733,-73.997197,1-2
213,40.74529934,-73.998145,A-C-E
214,40.74611033,-73.998145,A-C-E
215,40.74660333,-73.997801,A-C-E
216,40.71420033,-74.008357,2-3-A-C-E
217,40.71343733,-74.00676,N-R
218,40.74673233,-73.997711,A-C-E
219,40.74648333,-73.997142,A-C-E
220,40.74391033,-73.995608,1-2
221,40.74431333,-73.995811,1-2
222,40.74412033,-73.995348,1-2
223,40.74312133,-73.993099,F-M
224,40.75156133,-73.994243,A-C-E
225,40.74726433,-73.993611,1-2
226,40.74721633,-73.993121,1-2
227,40.75047633,-73.991254,1-2-3
228,40.75081033,-73.990481,1-2-3
229,40.75129133,-73.993887,A-C-E
230,40.75167733,-73.994107,A-C-E
231,40.75202034,-73.993352,A-C-E
232,40.75242733,-73.993679,A-C-E
233,40.75216133,-73.993109,A-C-E
234,40.75303234,-73.993188,A-C-E
235,40.75276633,-73.992596,A-C-E
236,40.75118733,-73.990791,1-2-3
237,40.75593034,-73.990492,1-2-3-7-7 Express-S-A-C-E-N-Q-R
238,40.73420633,-73.989547,4-5-6-6 Express-L-N-Q-R
239,40.73296133,-73.986657,L
240,40.73327733,-73.986931,L
241,40.73105033,-73.982625,L
242,40.73111833,-73.982563,L
243,40.73139734,-73.982112,L
244,40.74075833,-73.989632,N-R
245,40.74127134,-73.989639,N-R
246,40.71544433,-74.009453,1-2-3
247,40.71534933,-74.009211,1-2-3
248,40.71557633,-74.009031,1-2-3
249,40.71487333,-74.008162,2-3-A-C-E
250,40.71477733,-74.007903,2-3-A-C-E
251,40.71499233,-74.007739,2-3-A-C-E
252,40.71896533,-74.007121,1
253,40.71900133,-74.006675,1
254,40.71991833,-74.00662,1
255,40.72293233,-74.00662,1
256,40.74197933,-73.989404,N-R
257,40.74108033,-73.989083,N-R
258,40.74137833,-73.988895,N-R
259,40.74153933,-73.988989,N-R
260,40.74009733,-73.986601,4-6-6 Express
261,40.74018033,-73.986617,4-6-6 Express
262,40.74000833,-73.986233,4-6-6 Express
263,40.74548833,-73.98901,N-R
264,40.74509333,-73.988486,N-R
265,40.74018034,-73.986006,4-6-6 Express
266,40.74339433,-73.984409,4-6-6 Express
267,40.74348433,-73.98428,4-6-6 Express
268,40.74316733,-73.983896,4-6-6 Express
269,40.74330433,-73.983857,4-6-6 Express
270,40.74572333,-73.982531,4-6-6 Express
271,40.74558534,-73.982198,4-6-6 Express
272,40.74626333,-73.981663,4-6-6 Express
273,40.74655033,-73.981533,4-6-6 Express
274,40.74874721,-73.98870514,B-D-F-M-N-Q-R
275,40.75007633,-73.988113,B-D-F-M-N-Q-R
276,40.74836133,-73.988045,B-D-F-M-N-Q-R
277,40.75064233,-73.987351,B-D-F-M-N-Q-R
278,40.75456833,-73.987827,1-2-3-7-7 Express-S-A-C-E-N-Q-R
279,40.75430133,-73.986623,1-2-3-7-7 Express-S-A-C-E-N-Q-R
280,40.75370933,-73.985084,7-7 Express-B-D-F-M
281,40.75340833,-73.984892,7-7 Express-B-D-F-M
282,40.70201933,-74.013117,N-R
283,40.70415733,-74.014509,4-5
284,40.70482533,-74.014572,4-5
285,40.70401533,-74.013284,N-R
286,40.70463433,-74.013554,4-5
287,40.70412333,-74.013002,N-R
288,40.70577234,-74.01154,J-Z
289,40.70582833,-74.011287,J-Z
290,40.70651234,-74.014299,1
291,40.70655333,-74.014114,1
292,40.70755833,-74.013867,1
293,40.70751333,-74.013267,N-R
294,40.70772133,-74.013118,N-R
295,40.70764733,-74.012924,N-R
296,40.70806333,-74.012862,N-R
297,40.70800933,-74.012704,N-R
298,40.70816133,-74.013603,1
299,40.70731533,-74.012161,4-5
300,40.70757731,-74.01192701,4-5
301,40.70719033,-74.011997,4-5
302,40.70744633,-74.011848,4-5
303,40.70637933,-74.011274,J-Z
304,40.70614233,-74.011128,J-Z
305,40.70690133,-74.010689,J-Z
306,40.71020133,-74.011198,N-R
307,40.71043533,-74.011066,N-R
308,40.71106533,-74.010644,N-R
309,40.70693133,-74.010489,J-Z
310,40.70638533,-74.009658,2-3
311,40.70627233,-74.009447,2-3
312,40.70650633,-74.009544,2-3
313,40.70743133,-74.008778,2-3
314,40.71010633,-74.007648,2-3-4-5-A-C-J-Z
315,40.71045433,-74.009696,2-3-4-5-A-C-J-Z
316,40.71171033,-74.010204,2-3-A-C-E
317,40.71016834,-74.009422,2-3-4-5-A-C-J-Z
318,40.71091333,-74.009266,2-3-4-5-A-C-J-Z
319,40.71225834,-74.010306,2-3-A-C-E
320,40.71303633,-74.009245,2-3-A-C-E
321,40.71328633,-74.009511,2-3-A-C-E
322,40.71333333,-74.009033,2-3-A-C-E
323,40.71394933,-74.00896,2-3-A-C-E
324,40.73719733,-74.0004,1-2-3-L-F-M
325,40.73801333,-74.000329,1-2-3-L-F-M
326,40.73848433,-73.999914,1-2-3-L-F-M
327,40.73835834,-73.999656,1-2-3-L-F-M
328,40.75425538,-73.94193509,F
329,40.6828262,-73.96455533,A-C
330,40.68839633,-73.984216,A-C-G
331,40.72211633,-73.996912,4-6-6 Express
332,40.75180133,-73.975294,4-5-6-6 Express-7-7 Express-S
333,40.75287733,-73.993244,A-C-E
334,40.69296784,-73.98744208,A-C-F
335,40.73031033,-73.954432,G
336,40.70280133,-73.907888,M
337,40.75085088,-73.9750777,4-5-6-6 Express-7-7 Express-S
338,40.51960144,-74.22954799,@
339,40.51976616,-74.22891199,@
340,40.51967128,-74.22867964,@
341,40.52248948,-74.21681223,@
342,40.52510517,-74.20066738,@
343,40.54055391,-74.17843706,@
344,40.54438812,-74.16521432,@
345,40.54420838,-74.16504799,@
346,40.55104516,-74.1514904,@
347,40.54064064,-74.17746136,@
348,40.55599897,-74.13746845,@
349,40.56516899,-74.12605867,@
350,40.56465705,-74.12687588,@
351,40.57328948,-74.1176362,@
352,40.57944093,-74.10909547,@
353,40.57905848,-74.10974678,@
354,40.58406245,-74.10279236,@
355,40.58852075,-74.09636903,@
356,40.58861598,-74.09664097,@
357,40.58865601,-74.09610964,@
358,40.59608405,-74.08756359,@
359,40.60364672,-74.08361005,@
360,40.6215937,-74.0716916,@
361,40.62776348,-74.07514058,@
362,40.63763259,-74.07501784,@
363,40.64321533,-73.979333,F
364,40.73221633,-73.954751,G
365,40.63603033,-73.994995,D
366,40.70595495,-73.89623205,M
367,40.68346733,-73.911063,J-Z
368,40.77377933,-73.959954,4-6-6 Express
369,40.81236633,-73.904128,6
370,40.69230764,-73.99030083,2-3-4-5-N-R
371,40.75985133,-73.8286,7-7 Express
372,40.69515414,-73.90297408,L
373,40.86134533,-73.897352,B-D
374,40.75483233,-73.983657,7-7 Express-B-D-F-M
375,40.74041933,-73.986452,4-6-6 Express
376,40.75083533,-73.939671,7-7 Express-N-Q
377,40.76694333,-73.982971,1-2-A-C-B-D
378,40.7089139,-73.95898897,J-M-Z
379,40.61416671,-74.00062923,D
380,40.66271233,-73.909102,3-4
381,40.85538233,-73.929606,1
382,40.61282333,-74.000984,D
383,40.75484933,-73.984627,7-7 Express-B-D-F-M
384,40.73325933,-73.999615,A-C-E-B-D-F-M
385,40.82554233,-73.943887,A-C-B-D
386,40.86574433,-73.927172,A
387,40.71468733,-73.944271,L
388,40.66514734,-73.922842,3-4
389,40.64127933,-73.963968,B-Q
390,40.75979434,-73.828811,7-7 Express
391,40.63544133,-73.97785,F
392,40.71419866,-73.95085376,G-L
393,40.68057333,-73.842512,A-S
394,40.68362919,-73.96674715,A-C
395,40.63030319,-74.0255072,R
396,40.75271733,-73.978487,4-5-6-6 Express-7-7 Express-S
397,40.63988733,-73.948197,2-5
398,40.67959433,-73.857716,A-S
399,40.67925588,-73.93216024,A-C
400,40.75972133,-73.973858,E-M
401,40.68024501,-73.94939087,A-C
402,40.75140933,-73.855901,7
403,40.73360233,-73.869507,E-M-R
404,40.71055533,-74.008632,2-3-4-5-A-C-J-Z
405,40.71702233,-73.956176,L
406,40.76302009,-73.96781558,4-5-6-6 Express-N-Q-R
407,40.66576033,-73.978873,F
408,40.76531334,-73.972467,N-Q-R
409,40.57616133,-73.96768,B-Q
410,40.69785533,-73.926513,M
411,40.65094933,-73.949424,2-5
412,40.83593633,-73.940137,A-C
413,40.76196833,-73.986662,A-C-E
414,40.70778733,-73.939682,L
415,40.75102033,-73.990323,1-2-3
416,40.68908533,-73.985941,A-C-G
417,40.63173539,-73.94731836,2-5
418,40.71268334,-73.783033,F
419,40.62029333,-73.99849,D
420,40.70607379,-73.93366584,L
421,40.74644733,-73.982147,4-6-6 Express
422,40.69238284,-73.9906543,2-3-4-5-N-R
423,40.71024133,-74.008022,2-3-4-5-A-C-J-Z
424,40.61893533,-73.999241,D
425,40.76768134,-73.96395,4-6-6 Express
426,40.68567833,-73.826928,A-S
427,40.74979037,-73.9917215,1-2-3
428,40.70863033,-74.006999,2-3-4-5-A-C-J-Z
429,40.69366333,-73.852595,J-Z
430,40.62608202,-73.9765236,F
431,40.76050264,-73.98021847,B-D-F-M
432,40.74206921,-73.880985,E-M-R
433,40.69980718,-73.91099905,L-M
434,40.70988033,-73.794553,F
435,40.64038433,-73.994158,D
436,40.71041833,-74.009665,2-3-4-5-A-C-J-Z
437,40.73950133,-73.987134,4-6-6 Express
438,40.75930133,-73.980594,B-D-F-M
439,40.76459933,-73.974228,N-Q-R
440,40.68104533,-73.975498,2-3-4
441,40.70850533,-73.95772,J-M-Z
442,40.75781133,-73.971098,4-6-6 Express-E-M
443,40.75283033,-73.978917,4-5-6-6 Express-7-7 Express-S
444,40.74982822,-73.98751142,B-D-F-M-N-Q-R
445,40.66711333,-73.981665,F
446,40.75308733,-73.979537,4-5-6-6 Express-7-7 Express-S
447,40.68605443,-73.9157199,J
448,40.62037033,-73.998803,D
449,40.65719733,-73.950013,2-5
450,40.69422222,-73.99262239,2-3-4-5-N-R
451,40.68878531,-73.95980936,G
452,40.68945433,-73.873329,J
453,40.62866565,-73.97646341,F
454,40.70835133,-73.958135,J-M-Z
455,40.64117033,-73.99447,D
456,40.75995333,-73.980117,B-D-F-M
457,40.6952142,-73.90379291,L
458,40.65430133,-74.004175,D-N-R
459,40.72390533,-73.950717,G
460,40.75032934,-73.987137,B-D-F-M-N-Q-R
461,40.75041933,-73.986991,B-D-F-M-N-Q-R
462,40.75469133,-73.988067,1-2-3-7-7 Express-S-A-C-E-N-Q-R
463,40.75417233,-73.98668,1-2-3-7-7 Express-S-A-C-E-N-Q-R
464,40.75347333,-73.985259,7-7 Express-B-D-F-M
465,40.70193833,-74.012588,N-R
466,40.70212633,-74.013081,N-R
467,40.70479533,-74.014454,4-5
468,40.70409634,-74.013293,N-R
469,40.70209233,-74.012632,N-R
470,40.70602033,-74.011474,J-Z
471,40.70666158,-74.01408491,1
472,40.70730633,-74.013426,N-R
473,40.70790933,-74.012968,N-R
474,40.70790233,-74.012774,N-R
475,40.70810733,-74.013445,1
476,40.70767115,-74.01185431,4-5
477,40.70742833,-74.012067,4-5
478,40.70757733,-74.011731,4-5
479,40.70701233,-74.010882,J-Z
480,40.70710834,-74.010802,J-Z
481,40.71087133,-74.010767,N-R
482,40.71255033,-74.011825,1
483,40.70802727,-74.00981445,J-Z
484,40.70639233,-74.009332,2-3
485,40.70950733,-74.008295,2-3-4-5-A-C-J-Z
486,40.70957033,-74.006591,2-3-4-5-A-C-J-Z
487,40.71179333,-74.010165,2-3-A-C-E
488,40.71055533,-74.009493,2-3-4-5-A-C-J-Z
489,40.71103833,-74.009219,2-3-4-5-A-C-J-Z
490,40.71268133,-74.009891,2-3-A-C-E
491,40.71343533,-74.009292,2-3-A-C-E
492,40.71375333,-74.009046,2-3-A-C-E
493,40.73738833,-74.000815,1-2-3-L-F-M
494,40.73784633,-73.99993,1-2-3-L-F-M
495,40.73877533,-73.999711,1-2-3-L-F-M
496,40.68028526,-73.94970701,A-C
497,40.67814033,-73.910889,A-C
498,40.66547633,-73.888345,3-4
499,40.75148333,-73.855662,7
500,40.75669169,-73.97243999,4-6-6 Express-E-M
501,40.74678733,-73.993955,1-2
502,40.68396033,-73.832702,A-S
503,40.57647633,-73.967938,B-Q
504,40.51761499,-74.23890291,@
505,40.5195107,-74.22952189,@
506,40.52279555,-74.2166169,@
507,40.52535311,-74.20081488,@
508,40.54023872,-74.17870203,@
509,40.55160028,-74.15064002,@
510,40.53320362,-74.19231297,@
511,40.55685366,-74.13629802,@
512,40.56533753,-74.12629559,@
513,40.57395638,-74.11662825,@
514,40.57892478,-74.10957557,@
515,40.58399736,-74.1026869,@
516,40.58898117,-74.09566269,@
517,40.59610945,-74.08783393,@
518,40.62183338,-74.0718813,@
519,40.63631039,-74.07472118,@
520,40.70556533,-73.809784,F
521,40.75005834,-73.862548,7
522,40.66491533,-73.893892,3-4
523,40.65093133,-73.949776,2-5
524,40.71420733,-73.949275,G-L
525,40.73010133,-73.954087,G
526,40.62847605,-73.97699704,F
527,40.69757933,-73.993158,2-3
528,40.63218633,-74.00658,N
529,40.70448133,-73.919194,L
530,40.76666233,-73.983165,1-2-A-C-B-D
531,40.75831733,-73.970503,4-6-6 Express-E-M
532,40.72127831,-73.84439445,E-F-M-R
533,40.70235833,-73.79993,E-J-Z
534,40.74900633,-73.869489,7-7 Express
535,40.64426353,-74.07326997,@
536,40.57797533,-73.960484,B-Q
537,40.64059033,-74.018412,N-R
538,40.69869033,-73.918584,M
539,40.70937633,-74.008375,2-3-4-5-A-C-J-Z
540,40.51211404,-74.25283252,@
541,40.69303974,-73.98743262,A-C-F
542,40.71264634,-73.783192,F
543,40.69981446,-73.91129546,L-M
544,40.62499994,-73.96104838,B-Q
545,40.71790534,-74.00031,4-6-6 Express-J-Z-N-Q-R
546,40.75104634,-73.991271,1-2-3
547,40.64501033,-73.949115,2-5
548,40.6896847,-73.95160606,G
549,40.74652133,-73.896198,7
550,40.75172133,-73.977197,4-5-6-6 Express-7-7 Express-S
551,40.67732312,-73.97224062,B-Q
552,40.75134533,-73.975409,4-5-6-6 Express-7-7 Express-S
553,40.76340907,-73.98252764,B-D-E
554,40.66248282,-73.96228476,B-Q-S
555,40.81611833,-73.89618,6
556,40.77972533,-73.955611,4-5-6-6 Express
557,40.68358633,-73.872847,J-Z
558,40.86796533,-73.921168,A
559,40.85641511,-73.86737744,2-5
560,40.68012233,-73.84508,A-S
561,40.65614933,-73.95035,2-5
562,40.64074533,-73.948649,2-5
563,40.5995413,-73.76159667,A
564,40.66567733,-73.979491,F
565,40.69135233,-73.866204,J-Z
566,40.69609051,-73.90465932,L
567,40.68054203,-73.94974898,A-C
568,40.74637633,-73.890254,7-E-F-M-R
569,40.80760733,-73.918951,6
570,40.63639333,-73.994948,D
571,40.61876834,-73.998936,D
572,40.70871521,-73.95794666,J-M-Z
573,40.74093833,-74.001919,A-C-E-L
574,40.68324344,-73.96462888,A-C
575,40.67250133,-73.890386,A-C
576,40.74870533,-73.938471,E-M-R
577,40.67827934,-73.913668,A-C
578,40.67775633,-73.89173,J-Z
579,40.75164733,-73.977382,4-5-6-6 Express-7-7 Express-S
580,40.71883643,-73.98789055,F-J-M-Z
581,40.75087966,-73.98793491,B-D-F-M-N-Q-R
582,40.63041836,-73.97734023,F
583,40.75170133,-73.976087,4-5-6-6 Express-7-7 Express-S
584,40.75955633,-73.974068,E-M
585,40.70920033,-74.006664,2-3-4-5-A-C-J-Z
586,40.64940044,-73.96351254,B-Q
587,40.74433028,-73.9113816,7
588,40.62993007,-73.96147689,B-Q
589,40.61919733,-73.999178,D
590,40.67969833,-73.88571,J
591,40.71857407,-73.83825706,E-F
592,40.6505187,-73.94925086,2-5
593,40.71785633,-73.957577,L
594,40.72366133,-73.950858,G
595,40.71213034,-73.940578,L
596,40.75221833,-73.978396,4-5-6-6 Express-7-7 Express-S
597,40.76231192,-73.98637837,A-C-E
598,40.75062309,-73.98798744,B-D-F-M-N-Q-R
599,40.75574733,-73.986875,1-2-3-7-7 Express-S-A-C-E-N-Q-R
600,40.73306687,-73.99972782,A-C-E-B-D-F-M
601,40.70054133,-73.807385,E-J-Z
602,40.7055822,-73.95005856,G
603,40.74462428,-73.9113016,7
604,40.74745733,-73.884002,7
605,40.75007733,-73.99082,1-2-3
606,40.60533893,-73.98042479,N
607,40.70823134,-73.957869,J-M-Z
608,40.68607833,-73.97328,A-C
609,40.69239988,-73.98751302,A-C-F
610,40.67963411,-73.85263391,A-S
611,40.70707433,-73.954371,J-M
612,40.71282733,-73.782461,F
613,40.65066333,-73.949721,2-5
614,40.67973993,-73.85039199,A-S
615,40.68602833,-73.824403,A-S
616,40.66460033,-73.894197,3-4
617,40.66647233,-73.883352,3-4
618,40.73967433,-73.98704,4-6-6 Express
619,40.74928233,-73.869648,7-7 Express
620,40.74680017,-73.89071276,7-E-F-M-R
621,40.71363929,-73.83005549,E-F
622,40.75579533,-73.912622,E-M-R
623,40.74905733,-73.86917,7-7 Express
624,40.74959568,-73.98767192,B-D-F-M-N-Q-R
625,40.68094334,-73.974966,2-3-4
626,40.76060533,-73.983876,N-Q-R
627,40.69946851,-73.91064751,L-M
628,40.67976974,-73.9410955,A-C
629,40.74582133,-73.982576,4-6-6 Express
630,40.81514933,-73.958397,1
631,40.70904633,-74.006814,2-3-4-5-A-C-J-Z
632,40.64425733,-73.964537,B-Q
633,40.68238834,-73.909938,J-Z
634,40.67842033,-73.910723,A-C
635,40.75661433,-73.921084,E-M-R
636,40.68579233,-73.972769,A-C
637,40.63276214,-73.94738941,2-5
638,40.63326934,-73.947819,2-5
639,40.63246533,-73.947499,2-5
640,40.63988133,-73.94858,2-5
641,40.65105033,-73.949729,2-5
642,40.66327933,-73.951049,2-5
643,40.66817033,-73.950834,2-5
644,40.66981633,-73.95067,3-4
645,40.66937133,-73.942347,3-4
646,40.66935933,-73.942073,3-4
647,40.66881333,-73.933789,3-4
648,40.66870433,-73.931356,3-4
649,40.66891333,-73.931372,3-4
650,40.66890321,-73.93118704,3-4
651,40.69299541,-73.92790295,J
652,40.69280292,-73.92814326,J
653,40.69968457,-73.95025996,G
654,40.70727134,-73.954301,J-M
655,40.70641833,-73.952431,J-M
656,40.71376833,-73.95175,G-L
657,40.71392933,-73.951719,G-L
658,40.70419533,-73.948268,J-M
659,40.70439733,-73.948127,J-M
660,40.70351533,-73.946547,J-M
661,40.70084433,-73.941681,J-M
662,40.73007833,-73.954385,G
663,40.72555633,-73.951648,G
664,40.71442533,-73.944498,L
665,40.71461633,-73.944561,L
666,40.70774033,-73.94005,L
667,40.71182633,-73.940759,L
668,40.71190433,-73.94043,L
669,40.69806333,-73.926364,M
670,40.70630633,-73.931676,L
671,40.70646033,-73.931739,L
672,40.66491533,-73.923093,3-4
673,40.66140733,-73.915549,3-4
674,40.66152633,-73.915314,3-4
675,40.66243833,-73.908773,3-4
676,40.66331534,-73.902812,3-4
677,40.66339833,-73.902475,3-4
678,40.67916386,-73.92187027,A-C
679,40.67898433,-73.921442,A-C
680,40.67846034,-73.910971,A-C
681,40.68930033,-73.921424,J-Z
682,40.68674233,-73.917467,J
683,40.68995733,-73.923097,J-Z
684,40.68587485,-73.91587267,J
685,40.68266833,-73.90971,J-Z
686,40.6756576,-73.90267064,L
687,40.67539433,-73.902635,L
688,40.67683434,-73.89918,J
689,40.67428533,-73.896294,A-C
690,40.67456533,-73.896331,A-C
691,40.66570834,-73.888626,3-4
692,40.67287833,-73.89046,A-C
693,40.67286733,-73.89025,A-C
694,40.67396133,-73.880868,A-C
695,40.67426434,-73.880935,A-C
696,40.67429333,-73.880747,A-C
697,40.68180634,-73.879009,J-Z
698,40.67526233,-73.871782,A-C-S
699,40.67553033,-73.871758,A-C-S
700,40.68340733,-73.87277,J-Z
701,40.69891034,-73.918709,M
702,40.70432633,-73.919452,L
703,40.70439133,-73.919045,L
704,40.70325933,-73.917732,L
705,40.70355033,-73.917747,L
706,40.70711133,-73.923911,L
707,40.70604933,-73.922299,L
708,40.70630533,-73.922064,L
709,40.70450033,-73.902209,M
710,40.67842957,-73.90381713,A-C-J-Z-L
711,40.68225204,-73.90505925,L
712,40.74171133,-73.881064,E-M-R
713,40.76001463,-73.82868057,7-7 Express
714,40.75488108,-73.84537621,7-7 Express
715,40.75472094,-73.84620115,7-7 Express
716,40.74188156,-73.88143287,E-M-R
717,40.72972233,-73.86199033,E-M-R
718,40.72895813,-73.85967225,E-M-R
719,40.73003658,-73.86260199,E-M-R
720,40.69512325,-73.84332306,J-Z
721,40.70165788,-73.80248464,E-J-Z
722,40.70286887,-73.79984884,E-J-Z
723,40.70820908,-73.95822816,J-M-Z
724,40.69614218,-73.90433753,L
725,40.69583889,-73.90546886,L
726,40.68651161,-73.9746192,A-C
727,40.68326814,-73.96673679,A-C
728,40.68010641,-73.94048393,A-C
729,40.67904589,-73.92985242,A-C
730,40.6796411,-73.93230739,A-C
731,40.6879882,-73.96557301,G
732,40.68812196,-73.96763331,G
733,40.68901478,-73.96019798,G
734,40.68957511,-73.95500775,G
735,40.68930147,-73.95522175,G
736,40.70525684,-73.95040877,G
737,40.70525669,-73.95006853,G
738,40.59267201,-73.97858264,N
739,40.65523734,-73.96165108,B-Q
740,40.62957072,-73.96185456,B-Q
741,40.63265183,-73.94727232,2-5
742,40.64990375,-73.97585102,F
743,40.63063505,-73.97674729,F
744,40.61596398,-74.03079527,R
745,40.81316834,-73.92968082,4-5
746,40.51339533,-74.25114201,@
747,40.51553233,-74.24548477,@
748,40.74701933,-73.891353,7-E-F-M-R
749,40.74777933,-73.884044,7
750,40.74830933,-73.87646,7
751,40.74857534,-73.87641,7
752,40.73311133,-73.870237,E-M-R
753,40.74931933,-73.869353,7-7 Express
754,40.74976833,-73.862555,7
755,40.72607235,-73.85206225,E-M-R
756,40.72624043,-73.85155899,E-M-R
757,40.72706233,-73.853184,E-M-R
758,40.72111433,-73.844021,E-F-M-R
759,40.72192934,-73.8444062,E-F-M-R
760,40.71381233,-73.831678,E-F
761,40.71409433,-73.829928,E-F
762,40.71790348,-73.83665814,E-F
763,40.71469533,-73.831995,E-F
764,40.71500333,-73.831589,E-F
765,40.75941433,-73.830301,7-7 Express
766,40.75960834,-73.830368,7-7 Express
767,40.75952233,-73.829932,7-7 Express
768,40.75989833,-73.829171,7-7 Express
769,40.75994333,-73.828998,7-7 Express
770,40.70928266,-73.81971834,E-F
771,40.70970333,-73.819629,E-F
772,40.70492833,-73.811988,F
773,40.70041033,-73.807943,E-J-Z
774,40.70084833,-73.807672,E-J-Z
775,40.70590234,-73.809641,F
776,40.70220633,-73.801826,E-J-Z
777,40.70713733,-73.804295,F
778,40.70738033,-73.80446,F
779,40.70776133,-73.802937,F
780,40.70263733,-73.799751,E-J-Z
781,40.70981533,-73.794701,F
782,40.71051334,-73.793023,F
783,40.71058233,-73.792857,F
784,40.71250033,-73.785089,F
785,40.71223433,-73.78498,F
786,40.71265334,-73.78442,F
787,40.71269933,-73.784266,F
788,40.71256333,-73.783622,F
789,40.71294033,-73.783179,F
790,40.71320033,-73.782215,F
791,40.58049533,-73.837489,A-S
792,40.58339834,-73.827546,A-S
793,40.58319733,-73.827124,A-S
794,40.58369533,-73.826412,A-S
795,40.58532833,-73.82018,A-S
796,40.58800933,-73.814204,A-S
797,40.58813233,-73.813813,A-S
798,40.59067433,-73.79778,A
799,40.59088133,-73.79615,A
800,40.59222333,-73.789585,A
801,40.59250733,-73.789443,A
802,40.59250633,-73.789069,A
803,40.59221833,-73.787349,A
804,40.59288533,-73.775619,A
805,40.59313733,-73.775661,A
806,40.59552933,-73.768288,A
807,40.59566033,-73.768012,A
808,40.67683434,-73.89918,J
809,40.68731737,-73.97475741,G
810,40.68708063,-73.97470891,G
811,40.67673533,-73.865491,A-S
812,40.67917033,-73.860063,A-S
813,40.68961533,-73.873579,J
814,40.69264833,-73.859079,J
815,40.66021733,-73.830438,A
816,40.67929733,-73.857687,A-S
817,40.65901428,-73.89933376,L
818,40.66861094,-73.90192123,L
819,40.68712544,-73.97671091,G
820,40.67989433,-73.852707,A-S
821,40.68037434,-73.845072,A-S
822,40.69239534,-73.858947,J
823,40.66940933,-73.834756,A
824,40.68155334,-73.83881,A-S
825,40.68187634,-73.836839,A-S
826,40.69679633,-73.837027,J
827,40.68462033,-73.831047,A-S
828,40.68489633,-73.831128,A-S
829,40.70023933,-73.829313,J-Z
830,40.69703001,-73.83713367,J
831,40.70061233,-73.827238,J-Z
832,40.61603434,-74.031373,R
833,40.61759534,-74.030647,R
834,40.62262333,-74.028554,R
835,40.62346933,-74.028203,R
836,40.62953933,-74.025735,R
837,40.60768933,-74.001898,D
838,40.60457934,-73.998444,D
839,40.61401857,-74.00028498,D
840,40.60463933,-73.998022,D
841,40.60192233,-73.994036,D
842,40.60211933,-73.993872,D
843,40.60194633,-73.993583,D
844,40.63056033,-74.00414,N
845,40.62563333,-73.996868,D-N
846,40.62711333,-73.996942,D-N
847,40.62736933,-73.996708,D-N
848,40.63154933,-73.995615,D
849,40.63156933,-73.995289,D
850,40.57633333,-73.980951,D-F-N-Q
851,40.57577796,-73.97688031,F-Q
852,40.58057586,-73.97444291,F
853,40.58799533,-73.983731,D
854,40.58832933,-73.983794,D
855,40.58841833,-73.983513,D
856,40.59776433,-73.987191,D
857,40.59796733,-73.986972,D
858,40.59051034,-73.974255,F
859,40.59643933,-73.97894,N
860,40.57657233,-73.969336,Q
861,40.57657833,-73.969016,Q
862,40.57736834,-73.961891,B-Q
863,40.57766033,-73.961961,B-Q
864,40.57770733,-73.961719,B-Q
865,40.57772533,-73.96018,B-Q
866,40.59509133,-73.973652,F
867,40.59684753,-73.9734499,F
868,40.59682953,-73.9731529,F
869,40.60321233,-73.980199,N
870,40.61431933,-73.974184,F
871,40.61432433,-73.973871,F
872,40.61736034,-73.984902,N
873,40.61614133,-73.974245,F
874,40.62085333,-73.975502,F
875,40.62115733,-73.975479,F
876,40.60219633,-73.972359,F
877,40.60403133,-73.972413,F
878,40.60860633,-73.973115,F
879,40.60877686,-73.9579813,B-Q
880,40.60891133,-73.957698,B-Q
881,40.61801875,-73.95946319,B-Q
882,40.62514112,-73.96084244,B-Q
883,40.58576833,-73.954296,B-Q
884,40.59502033,-73.95512,B-Q
885,40.59894733,-73.956064,B-Q
886,40.63476333,-74.023602,R
887,40.63549633,-74.02329,R
888,40.64162033,-74.017873,N-R
889,40.64144233,-74.017615,N-R
890,40.64157933,-74.017482,N-R
891,40.63444011,-74.01080707,N
892,40.64455833,-74.014386,N-R
893,40.64465333,-74.014581,N-R
894,40.64941333,-74.009702,N-R
895,40.64959733,-74.009515,N-R
896,40.64950833,-74.009249,N-R
897,40.64033633,-73.99447,D
898,40.64118833,-73.994079,D
899,40.65449233,-74.004488,D-N-R
900,40.66047833,-73.998231,D-N-R
901,40.66529133,-73.993232,D-N-R
902,40.66510733,-73.992959,D-N-R
903,40.67461614,-73.99732155,F-G
904,40.63542433,-73.978202,F
905,40.63699633,-73.97817,F
906,40.64263133,-73.979545,F
907,40.64494233,-73.979998,F
908,40.65180433,-73.976093,F
909,40.65260833,-73.975913,F
910,40.66015191,-73.97968335,F
911,40.65944733,-73.979962,F
912,40.66076333,-73.978992,F
913,40.66143033,-73.979672,F
914,40.65414202,-73.96192731,B-Q
915,40.67054533,-73.988765,D-F-G-N-R
916,40.67040733,-73.98846,D-F-G-N-R
917,40.66667233,-73.981454,F
918,40.66549233,-73.979014,F
919,40.68606733,-73.974294,A-C
920,40.68647333,-73.974362,A-C
921,40.68572933,-73.973431,A-C
922,40.85855233,-73.934408,A
923,40.86118333,-73.92511,1
924,40.86118733,-73.925078,1
925,40.86524833,-73.927279,A
926,40.86529633,-73.927411,A
927,40.86543434,-73.92699,A
928,40.86779933,-73.92142,A
929,40.86763234,-73.920974,A
930,40.86425734,-73.918938,1
931,40.86470033,-73.9189,1
932,40.86828833,-73.919611,A
933,40.86939133,-73.915488,1
934,40.86930933,-73.91523,1
935,40.86972933,-73.914954,1
936,40.87445433,-73.910542,1
937,40.87877533,-73.905024,1
938,40.87869433,-73.904821,1
939,40.87916833,-73.904751,1
940,40.88483533,-73.900917,1
941,40.88519133,-73.900457,1
942,40.89015733,-73.898247,1
943,40.88997334,-73.897781,1
944,40.74737297,-73.94395262,E-G-M
945,40.74818629,-73.94713042,E-G-M
946,40.7462415,-73.94534122,7-7 Express
947,40.77322975,-73.98207866,1-2
948,40.77884767,-73.98173535,1-2-3
949,40.77935593,-73.95555269,4-5-6-6 Express
950,40.77949594,-73.95535156,4-5-6-6 Express
951,40.85314111,-73.93737685,A
952,40.8564663,-73.93265195,1
953,40.81070033,-73.926984,6-6 Express
954,40.81085233,-73.926739,6-6 Express
955,40.81003233,-73.925385,6-6 Express
956,40.81028033,-73.925372,6-6 Express
957,40.81832033,-73.927628,2-4-5
958,40.81839133,-73.92759,2-4-5
959,40.81840533,-73.927101,2-4-5
960,40.82754533,-73.9262,4-B-D
961,40.82778633,-73.92617,4-B-D
962,40.82774033,-73.925839,4-B-D
963,40.82796333,-73.926042,4-B-D
964,40.82812986,-73.92556098,4-B-D
965,40.80742933,-73.919232,6
966,40.80534333,-73.914195,6
967,40.80530433,-73.913628,6
968,40.80539333,-73.913848,6
969,40.81586033,-73.917727,2-5
970,40.81625333,-73.917891,2-5
971,40.82735533,-73.924168,4-B-D
972,40.82751033,-73.924093,4-B-D
973,40.80817933,-73.908065,6
974,40.80832233,-73.908002,6
975,40.80834033,-73.907618,6
976,40.81184833,-73.904207,6
977,40.82767122,-73.92631599,4-B-D
978,40.82758845,-73.92636251,4-B-D
979,40.5994409,-73.7621746,A
980,40.81237233,-73.903806,6
981,40.81634933,-73.907836,2-5
982,40.81662933,-73.907825,2-5
983,40.81963433,-73.901987,2-5
984,40.81956033,-73.901405,2-5
985,40.81990233,-73.90168,2-5
986,40.81632733,-73.896486,6
987,40.82389454,-73.89299849,2-5
988,40.82417733,-73.893114,2-5
989,40.82440233,-73.892715,2-5
990,40.82064133,-73.891575,6-6 Express
991,40.82079433,-73.890398,6-6 Express
992,40.82742334,-73.886275,6
993,40.82847333,-73.879238,6
994,40.82873333,-73.879109,6
995,40.83586533,-73.921404,4
996,40.83577133,-73.921118,4
997,40.83291233,-73.918822,B-D
998,40.83311133,-73.919399,B-D
999,40.83428633,-73.917562,B-D
1000,40.83478833,-73.917838,B-D
1001,40.84001433,-73.917993,4
1002,40.83992533,-73.917778,4
1003,40.83866433,-73.914165,B-D
1004,40.83844433,-73.913606,B-D
1005,40.84009733,-73.913333,B-D
1006,40.84470033,-73.914647,4
1007,40.84485433,-73.911606,B-D
1008,40.84487733,-73.911284,B-D
1009,40.84832233,-73.91208,4
1010,40.84854633,-73.911584,4
1011,40.84629733,-73.909144,B-D
1012,40.83035134,-73.89202,2-5
1013,40.85331333,-73.907977,4
1014,40.84995734,-73.905953,B-D
1015,40.85006234,-73.90586,B-D
1016,40.85112133,-73.90501,B-D
1017,40.85112833,-73.904335,B-D
1018,40.85359633,-73.907393,4
1019,40.85594133,-73.900568,B-D
1020,40.85621734,-73.901002,B-D
1021,40.85835533,-73.904087,4
1022,40.85849533,-73.903985,4
1023,40.86141133,-73.898028,B-D
1024,40.86114733,-73.897424,B-D
1025,40.86264433,-73.90138,4
1026,40.86264033,-73.901006,4
1027,40.86229633,-73.896885,B-D
1028,40.86266534,-73.896629,B-D
1029,40.86758133,-73.897172,4
1030,40.86773233,-73.897034,4
1031,40.86618133,-73.89430567,B-D
1032,40.86612733,-73.893982,B-D
1033,40.86774333,-73.892789,B-D
1034,40.83010633,-73.891535,2-5
1035,40.83020333,-73.891474,2-5
1036,40.83753633,-73.8878,2-5
1037,40.83724133,-73.88756,2-5
1038,40.84023233,-73.880401,2-5
1039,40.84035233,-73.879828,2-5
1040,40.84070533,-73.879484,2-5
1041,40.82938134,-73.874654,6
1042,40.82961833,-73.874726,6
1043,40.83177633,-73.867189,6
1044,40.83334233,-73.860994,6-6 Express
1045,40.84886133,-73.86834,2-5
1046,40.84905133,-73.868258,2-5
1047,40.85644934,-73.867767,2-5
1048,40.85804133,-73.867718,2-5
1049,40.85804934,-73.867467,2-5
1050,40.87018876,-73.84581947,5
1051,40.87352833,-73.889754,4
1052,40.87248833,-73.887898,B-D
1053,40.87401633,-73.886925,B-D
1054,40.87505634,-73.879351,D
1055,40.87424133,-73.877525,D
1056,40.87934633,-73.885328,4
1057,40.87935333,-73.88496,4
1058,40.87949334,-73.885159,4
1059,40.88017634,-73.88437,4
1060,40.88016033,-73.884007,4
1061,40.88673733,-73.87812,4
1062,40.87155733,-73.867292,2-5
1063,40.87136233,-73.867021,2-5
1064,40.87787614,-73.8664345,2-5
1065,40.88369333,-73.862923,2-5
1066,40.88779533,-73.860622,2-5
1067,40.87963,-73.8379144,5
1068,40.88771733,-73.860387,2-5
1069,40.83434433,-73.851552,6-6 Express
1070,40.83694434,-73.846734,6-6 Express
1071,40.84020933,-73.842784,6-6 Express
1072,40.84387833,-73.83651,6-6 Express
1073,40.84681233,-73.832401,6-6 Express
1074,40.84721233,-73.832287,6-6 Express
1075,40.85273907,-73.82715221,6-6 Express
1076,40.89326334,-73.857274,2-5
1077,40.89832433,-73.854233,2-5
1078,40.90328333,-73.850321,2
1079,40.88978927,-73.89840377,1
1080,40.81596274,-73.91798789,2-5
1081,40.81625443,-73.91779664,2-5
1082,40.81588105,-73.9175224,2-5
1083,40.82202461,-73.89673164,2-5
1084,40.82437247,-73.89284923,2-5
1085,40.84143707,-73.87284686,2-5
1086,40.88799143,-73.83122374,5
1087,40.82801714,-73.92562652,4-B-D
1088,40.74694333,-73.892426,7-E-F-M-R
1089,40.73041733,-73.862373,E-M-R
1090,40.74597433,-73.890193,7-E-F-M-R
1091,40.73589233,-73.876893,E-M-R
1092,40.73629433,-73.876426,E-M-R
1093,40.73735433,-73.877191,E-M-R
1094,40.69251742,-73.9911897,2-3-4-5-N-R
1095,40.69239628,-73.9874044,A-C-F
1096,40.69230642,-73.98750832,A-C-F
1097,40.69296064,-73.98734762,A-C-F
1098,40.69306846,-73.98716814,A-C-F
1099,40.69160903,-73.98741399,A-C-F
1100,40.6915551,-73.98726288,A-C-F
1101,40.6897832,-73.98131665,B-D-N-Q-R
1102,40.68495726,-73.97788608,2-3-4-5-B-D-N-Q-R
1103,40.67525323,-73.97091864,2-3-4
1104,40.67520615,-73.97112089,2-3-4
1105,40.67448574,-73.95787512,S
1106,40.68119898,-73.95560891,A-C-S
1107,40.68803123,-73.98047666,2-3-4-5
1108,40.68816573,-73.98033388,2-3-4-5
1109,40.74257333,-73.954267,7-7 Express
1110,40.74263933,-73.954235,7-7 Express
1111,40.74275233,-73.953836,7-7 Express
1112,40.74234033,-73.95274,7-7 Express
1113,40.74248333,-73.952473,7-7 Express
1114,40.74461933,-73.949018,G
1115,40.74474533,-73.948658,G
1116,40.74629734,-73.945686,7-7 Express
1117,40.74623133,-73.945015,E-G-M
1118,40.74672233,-73.943781,E-G-M
1119,40.74794733,-73.947211,E-G-M
1120,40.74458633,-73.931828,7
1121,40.74456233,-73.93157,7
1122,40.74472333,-73.931515,7
1123,40.74466333,-73.930888,7
1124,40.75027533,-73.940197,7-7 Express-N-Q
1125,40.74870933,-73.937347,E-M-R
1126,40.74957733,-73.936094,E-M-R
1127,40.75251833,-73.932814,N-Q
1128,40.75189933,-73.930583,E-M-R
1129,40.75222033,-73.928771,E-M-R
1130,40.75195333,-73.927144,E-M-R
1131,40.75649633,-73.929977,N-Q
1132,40.75680433,-73.929719,N-Q
1133,40.76177333,-73.925399,N-Q
1134,40.74373634,-73.924467,7
1135,40.74393233,-73.924428,7
1136,40.74388433,-73.92406,7
1137,40.74311234,-73.918892,7
1138,40.74305233,-73.918548,7
1139,40.74296334,-73.918015,7
1140,40.74318933,-73.917944,7
1141,40.74413348,-73.91302325,7
1142,40.75811733,-73.919829,E-M-R
1143,40.75828533,-73.919418,E-M-R
1144,40.75686133,-73.914255,E-M-R
1145,40.75602934,-73.91218,E-M-R
1146,40.74571783,-73.90306341,7-7 Express
1147,40.75310133,-73.907105,E-M-R
1148,40.75342834,-73.906847,E-M-R
1149,40.74931033,-73.897316,E-M-R
1150,40.76667133,-73.9214,N-Q
1151,40.76697233,-73.921149,N-Q
1152,40.77030133,-73.917997,N-Q
1153,40.77104533,-73.917124,N-Q
1154,40.77088133,-73.916897,N-Q
1155,40.77479633,-73.912165,N-Q
1156,40.77517833,-73.912039,N-Q
1157,40.75419534,-73.942521,F
1158,40.75432233,-73.942374,F
1159,40.77291564,-73.98240667,1-2
1160,40.77388333,-73.982466,1-2
1161,40.77842933,-73.981932,1-2-3
1162,40.77494033,-73.977144,A-C-B
1163,40.77643133,-73.975977,A-C-B
1164,40.78378433,-73.980265,1-2
1165,40.78405533,-73.980065,1-2
1166,40.78396433,-73.979672,1-2
1167,40.78812433,-73.976321,1-2
1168,40.78850433,-73.97669,1-2
1169,40.76777633,-73.964495,4-6-6 Express
1170,40.76799634,-73.964188,4-6-6 Express
1171,40.76786733,-73.963887,4-6-6 Express
1172,40.77349333,-73.959659,4-6-6 Express
1173,40.77363133,-73.959659,4-6-6 Express
1174,40.77366933,-73.960135,4-6-6 Express
1175,40.77363633,-73.96006,4-6-6 Express
1176,40.77377933,-73.960041,4-6-6 Express
1177,40.78196833,-73.971999,A-C-B
1178,40.78224334,-73.971749,A-C-B
1179,40.78529233,-73.96963,A-C-B
1180,40.78547734,-73.969461,A-C-B
1181,40.78675033,-73.968442,A-C-B
1182,40.79337233,-73.97297,1-2-3
1183,40.79309633,-73.972695,1-2-3
1184,40.79447833,-73.972155,1-2-3
1185,40.79432033,-73.971791,1-2-3
1186,40.79169833,-73.965015,A-C-B
1187,40.79231233,-73.964406,A-C-B
1188,40.79930033,-73.968678,1
1189,40.79922333,-73.968271,1
1190,40.79939033,-73.968622,1
1191,40.80397633,-73.966623,1
1192,40.80439033,-73.966786,1
1193,40.79625233,-73.961576,A-C-B
1194,40.80001133,-73.958458,A-C-B
1195,40.80087333,-73.958388,A-C-B
1196,40.80826433,-73.963937,1
1197,40.80838733,-73.963855,1
1198,40.80823033,-73.96351,1
1199,40.81568833,-73.958554,1
1200,40.77945333,-73.955812,4-5-6-6 Express
1201,40.77968733,-73.955705,4-5-6-6 Express
1202,40.78586133,-73.951243,4-6-6 Express
1203,40.78564633,-73.950899,4-6-6 Express
1204,40.78605133,-73.951036,4-6-6 Express
1205,40.79481433,-73.944634,4-6-6 Express
1206,40.5992145,-73.76186441,A
1207,40.79468533,-73.94429,4-6-6 Express
1208,40.80432933,-73.95563,A-C-B
1209,40.80419133,-73.955141,A-C-B
1210,40.79900533,-73.952083,2-3
1211,40.80196133,-73.949924,2-3
1212,40.80184233,-73.949637,2-3
1213,40.80209833,-73.949443,2-3
1214,40.80442533,-73.955059,A-C-B
1215,40.81065633,-73.952866,A-C-B-D
1216,40.81099533,-73.952609,A-C-B-D
1217,40.81088033,-73.952345,A-C-B-D
1218,40.81157634,-73.952201,A-C-B-D
1219,40.81195733,-73.951736,A-C-B-D
1220,40.79848133,-73.941866,4-6-6 Express
1221,40.79886233,-73.94159,4-6-6 Express
1222,40.79872434,-73.941421,4-6-6 Express
1223,40.80755934,-73.945445,2-3
1224,40.80786333,-73.945238,2-3
1225,40.82135633,-73.9544,1
1226,40.82157033,-73.954237,1
1227,40.82157933,-73.953748,1
1228,40.82621933,-73.950375,1
1229,40.82648233,-73.950126,1
1230,40.81710733,-73.948254,A-C-B
1231,40.81690233,-73.94784,A-C-B
1232,40.81717433,-73.947689,A-C-B
1233,40.81837433,-73.947192,A-C-B
1234,40.81403333,-73.941087,2-3
1235,40.82422733,-73.944874,A-C-B-D
1236,40.82405033,-73.944445,A-C-B-D
1237,40.82485133,-73.944422,A-C-B-D
1238,40.80426833,-73.937634,4-5-6-6 Express
1239,40.80417333,-73.937422,4-5-6-6 Express
1240,40.80448233,-73.937215,4-5-6-6 Express
1241,40.81430033,-73.940905,2-3
1242,40.81417633,-73.940616,2-3
1243,40.82017833,-73.936245,3
1244,40.82064033,-73.936276,3
1245,40.82418833,-73.936928,3
1246,40.83426733,-73.945166,1
1247,40.83075633,-73.941572,A-C
1248,40.83085333,-73.941594,A-C
1249,40.83119633,-73.941594,A-C
1250,40.83121333,-73.941534,A-C
1251,40.83389533,-73.944707,1
1252,40.83520633,-73.940144,A-C
1253,40.83528733,-73.939622,A-C
1254,40.84087833,-73.940193,1-A-C
1255,40.84072933,-73.939741,1-A-C
1256,40.84186133,-73.939552,1-A-C
1257,40.84191333,-73.939454,1-A-C
1258,40.84638125,-73.94024835,A
1259,40.84642433,-73.939877,A
1260,40.84781333,-73.939732,A
1261,40.84785933,-73.939303,A
1262,40.85079633,-73.93845,A
1263,40.85072533,-73.938212,A
1264,40.84917233,-73.93371,1
1265,40.75354633,-73.984779,7-7 Express-B-D-F-M
1266,40.75460934,-73.983894,7-7 Express-B-D-F-M
1267,40.75728633,-73.989582,1-2-3-7-7 Express-S-A-C-E-N-Q-R
1268,40.75792933,-73.989547,1-2-3-7-7 Express-S-A-C-E-N-Q-R
1269,40.75868534,-73.98899,1-2-3-7-7 Express-S-A-C-E-N-Q-R
1270,40.75840133,-73.988673,1-2-3-7-7 Express-S-A-C-E-N-Q-R
1271,40.75524833,-73.987362,1-2-3-7-7 Express-S-A-C-E-N-Q-R
1272,40.75604233,-73.987242,1-2-3-7-7 Express-S-A-C-E-N-Q-R
1273,40.75647633,-73.986311,1-2-3-7-7 Express-S-A-C-E-N-Q-R
1274,40.76169133,-73.986805,A-C-E
1275,40.76245233,-73.986299,A-C-E
1276,40.74896733,-73.98854149,B-D-F-M-N-Q-R
1277,40.71181733,-74.005053,4-5-6-6 Express-J-Z
1278,40.75902033,-73.984371,N-Q-R
1279,40.75952733,-73.984889,N-Q-R
1280,40.76208533,-73.985829,A-C-E
1281,40.76221634,-73.985757,A-C-E
1282,40.76156133,-73.984154,1-2
1283,40.76048733,-73.98396,N-Q-R
1284,40.76048233,-73.98343,N-Q-R
1285,40.76136733,-73.983782,1-2
1286,40.75340934,-73.98113,7-7 Express-B-D-F-M
1287,40.6605503,-73.83053219,A
1288,40.75218434,-73.97804803,4-5-6-6 Express-7-7 Express-S
1289,40.75174133,-73.977691,4-5-6-6 Express-7-7 Express-S
1290,40.75747531,-73.96925547,4-6-6 Express-E-M
1291,40.75798134,-73.98154,B-D-F-M
1292,40.75861533,-73.981095,B-D-F-M
1293,40.75910533,-73.981252,B-D-F-M
1294,40.75943433,-73.981001,B-D-F-M
1295,40.76012533,-73.980499,B-D-F-M
1296,40.76293133,-73.981597,B-D-E
1297,40.76026733,-73.975638,E-M
1298,40.75730234,-73.972125,4-6-6 Express-E-M
1299,40.75696733,-73.971709,4-6-6 Express-E-M
1300,40.75704433,-73.971542,4-6-6 Express-E-M
1301,40.75811743,-73.9708125,4-6-6 Express-E-M
1302,40.75767333,-73.969102,4-6-6 Express-E-M
1303,40.76211733,-73.968132,4-5-6-6 Express-N-Q-R
1304,40.76239833,-73.968339,4-5-6-6 Express-N-Q-R
1305,40.76209233,-73.96634,4-5-6-6 Express-N-Q-R
1306,40.76235934,-73.966145,4-5-6-6 Express-N-Q-R
1307,40.76226433,-73.965895,4-5-6-6 Express-N-Q-R
1308,40.76736733,-73.982137,1-2-A-C-B-D
1309,40.76877733,-73.982106,1-2-A-C-B-D
1310,40.76437233,-73.981153,N-Q-R
1311,40.76407633,-73.980802,N-Q-R
1312,40.76539133,-73.980307,N-Q-R
1313,40.76579634,-73.980012,N-Q-R
1314,40.76357134,-73.977897,F
1315,40.66707968,-73.83368865,A
1316,40.76111125,-73.98343648,1-2
1317,40.76762933,-73.981435,1-2-A-C-B-D
1318,40.76768633,-73.981335,1-2-A-C-B-D
1319,40.76346533,-73.977667,F
1320,40.76382633,-73.97772,F
1321,40.76388376,-73.97730497,F
1322,40.76464033,-73.977126,F
1323,40.76479933,-73.973839,N-Q-R
1324,40.76477033,-73.97377,N-Q-R
1325,40.76466533,-73.972178,N-Q-R
1326,40.76473833,-73.966557,F
1327,40.71268733,-74.004999,4-5-6-6 Express-J-Z
1328,40.71286633,-74.004803,4-5-6-6 Express-J-Z
1329,40.71383133,-74.00384,4-5-6-6 Express-J-Z
1330,40.71429533,-74.003151,4-5-6-6 Express-J-Z
1331,40.7578017,-73.98178818,B-D-F-M
1332,40.75862367,-73.98156644,B-D-F-M
1333,40.74306615,-73.99297065,F-M
1334,40.74271499,-73.9926174,F-M
1335,40.74292184,-73.99306553,F-M
1336,40.72165134,-74.005634,A-C-E
1337,40.72075833,-74.005399,A-C-E
1338,40.72196733,-74.005133,A-C-E
1339,40.71922733,-74.001852,4-6-6 Express-J-Z-N-Q-R
1340,40.71942433,-74.002142,4-6-6 Express-J-Z-N-Q-R
1341,40.71938833,-74.002087,4-6-6 Express-J-Z-N-Q-R
1342,40.71963233,-74.002001,4-6-6 Express-J-Z-N-Q-R
1343,40.71863833,-74.000623,4-6-6 Express-J-Z-N-Q-R
1344,40.72249733,-74.005994,1
1345,40.72620833,-74.00399,A-C-E
1346,40.72798333,-74.00565,1
1347,40.72856133,-74.00554,1
1348,40.72773933,-74.005305,1
1349,40.72798933,-74.005258,1
1350,40.72868633,-74.005517,1
1351,40.72865634,-74.005086,1
1352,40.72239033,-73.997437,4-6-6 Express
1353,40.72223534,-73.996818,4-6-6 Express
1354,40.71819133,-73.993577,B-D
1355,40.72000533,-73.993581,J-Z
1356,40.72030533,-73.993428,J-Z
1357,40.72435633,-73.997891,N-R
1358,40.72412333,-73.99768,N-R
1359,40.72520233,-73.996583,4-5-6-6 Express-B-D-F-M
1360,40.72498733,-73.995628,4-5-6-6 Express-B-D-F-M
1361,40.72501133,-73.995745,4-5-6-6 Express-B-D-F-M
1362,40.72534434,-73.995612,4-5-6-6 Express-B-D-F-M
1363,40.72604733,-73.994759,4-5-6-6 Express-B-D-F-M
1364,40.72572633,-73.994579,4-6-6 Express
1365,40.72584533,-73.99432,4-6-6 Express
1366,40.72366533,-73.991651,F
1367,40.72978633,-73.99325,N-R
1368,40.72969133,-73.993038,N-R
1369,40.73047733,-73.992286,N-R
1370,40.72996873,-73.99141039,4-6-6 Express
1371,40.73008433,-73.990838,4-6-6 Express
1372,40.73346733,-74.003076,1
1373,40.73363433,-74.003123,1
1374,40.73340233,-74.002748,1
1375,40.73113333,-74.001534,A-C-E-B-D-F-M
1376,40.73063833,-73.992717,N-R
1377,40.73076933,-73.992615,N-R
1378,40.71272733,-73.990126,F
1379,40.71440433,-73.989918,F
1380,40.7182075,-73.98827347,F-J-M-Z
1381,40.71855133,-73.987623,F-J-M-Z
1382,40.72280733,-73.988942,F
1383,40.72320033,-73.988863,F
1384,40.70631478,-74.01405562,N-R
1385,40.71858934,-74.00055194,4-6-6 Express-J-Z-N-Q-R
1386,40.71815509,-74.00031694,4-6-6 Express-J-Z-N-Q-R
1387,40.71120575,-74.0112755,N-R
1388,40.67920153,-73.99570722,F-G
1389,40.68079734,-73.99433339,F-G
1390,40.68544733,-73.991114,F-G
1391,40.68673433,-73.99061,F-G
1392,40.68687633,-73.990513,F-G
1393,40.68598133,-73.972987,A-C
1394,40.82967634,-73.874541,6
1395,40.70182033,-73.801873,E-J-Z
1396,40.75006233,-73.862198,7
1397,40.69702333,-73.935736,J-M-Z
1398,40.57651833,-73.967672,B-Q
1399,40.69388633,-73.929471,J
1400,40.76143233,-73.98437,1-2
1401,40.71684333,-73.956301,L
1402,40.68052585,-73.94944335,A-C
1403,40.66599933,-73.979256,F
1404,40.71393933,-73.949229,G-L
1405,40.74883533,-73.93704,E-M-R
1406,40.67446234,-73.896714,A-C
1407,40.70675485,-74.00880373,2-3
1408,40.71016233,-74.009156,2-3-4-5-A-C-J-Z
1409,40.72426033,-73.997977,N-R
1410,40.64503433,-73.948795,2-5
1411,40.70160556,-74.01333346,1
1412,40.69550433,-73.949071,G
1413,40.66323833,-73.950674,2-5
1414,40.84942433,-73.933339,1
1415,40.70869997,-73.95912626,J-M-Z
1416,40.75899633,-73.980788,B-D-F-M
1417,40.74242433,-73.953147,7-7 Express
1418,40.75227938,-73.97827999,4-5-6-6 Express-7-7 Express-S
1419,40.75433533,-73.987097,1-2-3-7-7 Express-S-A-C-E-N-Q-R
1420,40.75533371,-73.98393426,7-7 Express-B-D-F-M
1421,40.78590333,-73.950698,4-6-6 Express
1422,40.75715333,-73.972143,4-6-6 Express-E-M
1423,40.71389033,-74.003637,4-5-6-6 Express-J-Z
1424,40.73533233,-73.99105,4-5-6-6 Express-L-N-Q-R
1425,40.74624233,-73.9816,4-6-6 Express
1426,40.73436133,-73.98928,4-5-6-6 Express-L-N-Q-R
1427,40.79841933,-73.941634,4-6-6 Express
1428,40.71018433,-73.79473,F
1429,40.71306033,-73.782651,F
1430,40.59113433,-73.796517,A
1431,40.59522633,-73.768247,A
1432,40.66361594,-73.90058384,L
1433,40.68620834,-73.824521,A-S
1434,40.60782034,-74.00157,D
1435,40.87399733,-73.886504,B-D
1436,40.86553733,-73.867524,2-5
1437,40.83409233,-73.851788,6-6 Express
1438,40.90357833,-73.850418,2
1439,40.73007033,-73.861428,E-M-R
1440,40.69262819,-73.99106492,2-3-4-5-N-R
1441,40.71819733,-74.000388,4-6-6 Express-J-Z-N-Q-R
1442,40.72256933,-74.00608,1
1443,40.67995374,-73.9400625,A-C
1444,40.8132942,-73.92990842,4-5
1445,40.72221834,-73.844988,E-F-M-R
1446,40.70758333,-73.802587,F
1447,40.58795133,-73.813556,A-S
1448,40.74283456,-73.88298047,E-M-R
1449,40.74613033,-73.945334,7-7 Express
1450,40.75218333,-73.929232,E-M-R
1451,40.75413133,-73.942491,F
1452,40.74642733,-73.99735,A-C-E
1453,40.75279633,-73.992669,A-C-E
1454,40.73947733,-73.986562,4-6-6 Express
1455,40.75598933,-73.991049,1-2-3-7-7 Express-S-A-C-E-N-Q-R
1456,40.74249454,-73.94857258,7-7 Express
1457,40.79024133,-73.947854,4-6-6 Express
1458,40.75746333,-73.989984,1-2-3-7-7 Express-S-A-C-E-N-Q-R
1459,40.75624162,-73.98713328,1-2-3-7-7 Express-S-A-C-E-N-Q-R
1460,40.75700833,-73.971798,4-6-6 Express-E-M
1461,40.71835833,-74.000216,4-6-6 Express-J-Z-N-Q-R
1462,40.73452233,-73.990283,4-5-6-6 Express-L-N-Q-R
1463,40.75610133,-73.990887,1-2-3-7-7 Express-S-A-C-E-N-Q-R
1464,40.74856333,-73.988485,B-D-F-M-N-Q-R
1465,40.75450733,-73.987108,1-2-3-7-7 Express-S-A-C-E-N-Q-R
1466,40.71111533,-74.009375,2-3-4-5-A-C-J-Z
1467,40.68128933,-73.83873,A-S
1468,40.73515933,-73.989789,4-5-6-6 Express-L-N-Q-R
1469,40.75135233,-73.976396,4-5-6-6 Express-7-7 Express-S
1470,40.75557533,-73.986311,1-2-3-7-7 Express-S-A-C-E-N-Q-R
1471,40.76425733,-73.981235,N-Q-R
1472,40.68714754,-73.97626385,G
1473,40.67945733,-73.86007,A-S
1474,40.69020333,-73.871614,J
1475,40.6603722,-73.83036901,A
1476,40.65120912,-73.89891028,L
1477,40.66334876,-73.90052578,L
1478,40.66978369,-73.90231907,L
1479,40.68001997,-73.85051963,A-S
1480,40.69414933,-73.850468,J-Z
1481,40.68079834,-73.842563,A-S
1482,40.68216333,-73.836971,A-S
1483,40.68428034,-73.832856,A-S
1484,40.68595333,-73.827008,A-S
1485,40.70052033,-73.829231,J-Z
1486,40.70077434,-73.82754364,J-Z
1487,40.61617133,-74.031225,R
1488,40.61752933,-74.030295,R
1489,40.62254533,-74.02832,R
1490,40.62948033,-74.025453,R
1491,40.60764733,-74.001507,D
1492,40.61284133,-74.000593,D
1493,40.60446034,-73.998256,D
1494,40.60478234,-73.998264,D
1495,40.60177933,-73.993786,D
1496,40.61895233,-73.99885,D
1497,40.62132133,-73.991492,N
1498,40.62718433,-73.996512,D-N
1499,40.62427733,-73.995946,D-N
1500,40.63140433,-73.995319,D
1501,40.57695233,-73.981115,D-F-N-Q
1502,40.58054769,-73.97477776,F
1503,40.58813234,-73.983489,D
1504,40.59788333,-73.987402,D
1505,40.59809233,-73.987199,D
1506,40.59039733,-73.974021,F
1507,40.59851233,-73.979335,N
1508,40.57617333,-73.968008,Q
1509,40.57742233,-73.961656,B-Q
1510,40.57768333,-73.960383,B-Q
1511,40.59507333,-73.973347,F
1512,40.61307733,-73.982201,N
1513,40.61054433,-73.981618,N
1514,40.62003733,-73.989402,N
1515,40.61610033,-73.974519,F
1516,40.62087734,-73.975127,F
1517,40.60209533,-73.972672,F
1518,40.60400733,-73.972077,F
1519,40.60904133,-73.972904,F
1520,40.60905433,-73.957823,B-Q
1521,40.62988733,-73.961916,B-Q
1522,40.58734033,-73.954193,B-Q
1523,40.59878033,-73.95601,B-Q
1524,40.63473433,-74.023329,R
1525,40.64070933,-74.018764,N-R
1526,40.64174033,-74.017732,N-R
1527,40.64453433,-74.014769,N-R
1528,40.64437933,-74.014581,N-R
1529,40.64567733,-74.013659,N-R
1530,40.64930533,-74.009444,N-R
1531,40.63613733,-73.994658,D
1532,40.64631333,-73.994496,D
1533,40.65464734,-74.004293,D-N-R
1534,40.66030033,-73.997973,D-N-R
1535,40.66531631,-73.99271416,D-N-R
1536,40.63698433,-73.978499,F-G
1537,40.64313234,-73.979662,F-G
1538,40.64502033,-73.979724,F-G
1539,40.65158333,-73.975679,F-G
1540,40.66073333,-73.979539,F-G
1541,40.66131133,-73.97932,F-G
1542,40.66995488,-73.98913712,D-F-G-N-R
1543,40.66686333,-73.981822,F-G
1544,40.66689333,-73.981258,F-G
1545,40.68615333,-73.974512,A-C
1546,40.68558633,-73.972867,A-C
1547,40.85862233,-73.932838,A
1548,40.86534433,-73.927988,A
1549,40.86536333,-73.926946,A
1550,40.86753233,-73.921307,A
1551,40.86432834,-73.919189,1
1552,40.86454733,-73.918706,1
1553,40.86803133,-73.919285,A
1554,40.86979133,-73.915155,1
1555,40.87430834,-73.909795,1
1556,40.87909133,-73.904538,1
1557,40.88491633,-73.900586,1
1558,40.88968333,-73.897925,1
1559,40.74553153,-73.90324755,7-7 Express
1560,40.74625346,-73.94478843,E-G-M
1561,40.77357901,-73.98251056,1-2
1562,40.77901673,-73.98165269,1-2-3
1563,40.77964368,-73.95539167,4-5-6-6 Express
1564,40.84801722,-73.93931753,A
1565,40.81065733,-73.926839,6-6 Express
1566,40.81011333,-73.925573,6-6 Express
1567,40.81024633,-73.925297,6-6 Express
1568,40.81833933,-73.927226,2-4-5
1569,40.82747147,-73.92625008,4-B-D
1570,40.82747133,-73.925997,4-B-D
1571,40.82786533,-73.925726,4-B-D
1572,40.80749533,-73.919391,6
1573,40.80523834,-73.91393,6
1574,40.81603333,-73.918064,2-5
1575,40.81624133,-73.917468,2-5
1576,40.82755033,-73.923987,4-B-D
1577,40.80803033,-73.90772,6
1578,40.81202733,-73.903869,6
1579,40.82751029,-73.92640902,4-B-D
1580,40.81616333,-73.907953,2-5
1581,40.81686233,-73.907436,2-5
1582,40.81968433,-73.901348,2-5
1583,40.81638633,-73.895937,6
1584,40.82411833,-73.892731,2-5
1585,40.82069434,-73.890947,6-6 Express
1586,40.82737333,-73.886076,6
1587,40.83570233,-73.921455,4
1588,40.83561233,-73.92122,4
1589,40.85290482,-73.82692837,6-6 Express
1590,40.83446634,-73.918155,B-D
1591,40.83460933,-73.917245,B-D
1592,40.84011133,-73.917635,4
1593,40.83904633,-73.913857,B-D
1594,40.83975133,-73.912743,B-D
1595,40.84435833,-73.914581,4
1596,40.84494733,-73.910844,B-D
1597,40.84653033,-73.909712,B-D
1598,40.83003333,-73.892036,2-5
1599,40.85318133,-73.907782,4
1600,40.84994133,-73.905293,B-D
1601,40.85367034,-73.907654,4
1602,40.85610133,-73.901084,B-D
1603,40.85603433,-73.900481,B-D
1604,40.85842933,-73.903734,4
1605,40.86157433,-73.89794,B-D
1606,40.86291633,-73.901144,4
1607,40.86284233,-73.900863,4
1608,40.86761633,-73.897458,4
1609,40.86636433,-73.894506,B-D
1610,40.85873757,-73.85554678,5
1611,40.86806333,-73.893204,B-D
1612,40.83738933,-73.887964,2-5
1613,40.83734633,-73.887294,2-5
1614,40.84062833,-73.879822,2-5
1615,40.84107833,-73.879397,2-5
1616,40.83149333,-73.867328,6
1617,40.83311333,-73.860948,6-6 Express
1618,40.84909833,-73.868411,2-5
1619,40.85641033,-73.867517,2-5
1620,40.85456502,-73.86021201,5
1621,40.87219838,-73.88778828,B-D
1622,40.87213533,-73.887459,B-D
1623,40.87489733,-73.879339,D
1624,40.87407333,-73.87747,D
1625,40.87921033,-73.885134,4
1626,40.88004033,-73.884155,4
1627,40.88030033,-73.884226,4
1628,40.88681933,-73.878376,4
1629,40.86533933,-73.867197,2-5
1630,40.87776958,-73.86610919,2-5
1631,40.88348734,-73.862709,2-5
1632,40.8792866,-73.83771088,5
1633,40.88790833,-73.860566,2-5
1634,40.83666833,-73.846627,6-6 Express
1635,40.84355633,-73.836531,6-6 Express
1636,40.84697933,-73.832554,6-6 Express
1637,40.85295707,-73.82718721,6-6 Express
1638,40.89354733,-73.857462,2-5
1639,40.89861633,-73.85436,2-5
1640,40.90351233,-73.850147,2
1641,40.81624367,-73.91759412,2-5
1642,40.82237793,-73.89672609,2-5
1643,40.82233417,-73.89664363,2-5
1644,40.8411981,-73.87348902,2-5
1645,40.82743826,-73.92645552,4-B-D
1646,40.74720933,-73.892119,7-E-F-M-R
1647,40.74659233,-73.891463,7-E-F-M-R
1648,40.73603733,-73.877096,E-M-R
1649,40.73747633,-73.877412,E-M-R
1650,40.69382698,-73.99010827,2-3-4-5-N-R
1651,40.69303613,-73.98734288,A-C-F
1652,40.69228482,-73.98723441,A-C-F
1653,40.68986946,-73.98124736,B-D-N-Q-R
1654,40.68374128,-73.97852155,2-3-4-5-B-D-N-Q-R
1655,40.67518096,-73.97092693,2-3-4
1656,40.67514328,-73.97103425,2-3-4
1657,40.68811143,-73.98051742,2-3-4-5
1658,40.68808294,-73.98028292,2-3-4-5
1659,40.74281733,-73.953938,7-7 Express
1660,40.74260833,-73.952802,7-7 Express
1661,40.7424052,-73.94811046,7-7 Express
1662,40.74242213,-73.94819531,7-7 Express
1663,40.74452233,-73.948402,G
1664,40.74622433,-73.943985,E-G-M
1665,40.74771233,-73.944632,E-G-M
1666,40.74477733,-73.931781,7
1667,40.74449633,-73.930943,7
1668,40.74846633,-73.938244,E-M-R
1669,40.74985733,-73.936198,E-M-R
1670,40.75291533,-73.932918,N-Q
1671,40.75638433,-73.929744,N-Q
1672,40.76188033,-73.925638,N-Q
1673,40.76221733,-73.925349,N-Q
1674,40.74370034,-73.924107,7
1675,40.74329133,-73.918853,7
1676,40.74324933,-73.9185,7
1677,40.74383047,-73.91305511,7
1678,40.75668933,-73.920648,E-M-R
1679,40.75663733,-73.914378,E-M-R
1680,40.74569239,-73.90323356,7-7 Express
1681,40.74615234,-73.896407,7
1682,40.74913833,-73.897458,E-M-R
1683,40.76676634,-73.921628,N-Q
1684,40.76709034,-73.921377,N-Q
1685,40.77015533,-73.917764,N-Q
1686,40.77492833,-73.91235,N-Q
1687,40.77504633,-73.911848,N-Q
1688,40.75901633,-73.953505,F
1689,40.77366933,-73.982015,1-2
1690,40.77860133,-73.981907,1-2-3
1691,40.77621733,-73.976247,A-C-B
1692,40.78363233,-73.979909,1-2
1693,40.78835733,-73.976858,1-2
1694,40.78829133,-73.976177,1-2
1695,40.76778133,-73.964319,4-6-6 Express
1696,40.77352633,-73.959734,4-6-6 Express
1697,40.77360333,-73.959578,4-6-6 Express
1698,40.77345196,-73.98205318,1-2
1699,40.78038233,-73.973156,A-C-B
1700,40.78520633,-73.969567,A-C-B
1701,40.78610433,-73.969017,A-C-B
1702,40.79327233,-73.973046,1-2-3
1703,40.79318233,-73.972632,1-2-3
1704,40.79459733,-73.972061,1-2-3
1705,40.79444933,-73.971703,1-2-3
1706,40.79259833,-73.964287,A-C-B
1707,40.79914233,-73.968314,1
1708,40.79958633,-73.968082,1
1709,40.80425733,-73.966422,1
1710,40.80000133,-73.958859,A-C-B
1711,40.80754433,-73.963968,1
1712,40.80810634,-73.963592,1
1713,40.81530734,-73.958826,1
1714,40.77946833,-73.955868,4-5-6-6 Express
1715,40.77932533,-73.955479,4-5-6-6 Express
1716,40.79019333,-73.947673,4-6-6 Express
1717,40.79493733,-73.944515,4-6-6 Express
1718,40.79479933,-73.944202,4-6-6 Express
1719,40.79850033,-73.952616,2-3
1720,40.80221733,-73.94973,2-3
1721,40.80455833,-73.955467,A-C-B
1722,40.81058533,-73.952559,A-C-B-D
1723,40.81129933,-73.951937,A-C-B-D
1724,40.81186133,-73.951354,A-C-B-D
1725,40.80769233,-73.945732,2-3
1726,40.80797233,-73.945532,2-3
1727,40.82142233,-73.953848,1
1728,40.82664833,-73.950525,1
1729,40.81688333,-73.947934,A-C-B
1730,40.81855133,-73.947531,A-C-B
1731,40.82393633,-73.94501,A-C-B-D
1732,40.82381633,-73.944717,A-C-B-D
1733,40.82541133,-73.943579,A-C-B-D
1734,40.80458133,-73.937403,4-5-6-6 Express
1735,40.81391933,-73.940811,2-3
1736,40.82034533,-73.936496,3
1737,40.82059233,-73.935944,3
1738,40.83423833,-73.945098,1
1739,40.83092733,-73.941105,A-C
1740,40.83099033,-73.94115,A-C
1741,40.83388334,-73.944594,1
1742,40.83010633,-73.936751,B-D
1743,40.84074133,-73.939252,1-A-C
1744,40.84175834,-73.939085,1-A-C
1745,40.84810441,-73.93954677,A
1746,40.84794433,-73.939679,A
1747,40.85085833,-73.938469,A
1748,40.85075333,-73.938149,A
1749,40.75500833,-73.984249,7-7 Express-B-D-F-M
1750,40.75421333,-73.982984,7-7 Express-B-D-F-M
1751,40.75856733,-73.989053,1-2-3-7-7 Express-S-A-C-E-N-Q-R
1752,40.75555433,-73.987679,1-2-3-7-7 Express-S-A-C-E-N-Q-R
1753,40.75533434,-73.9872,1-2-3-7-7 Express-S-A-C-E-N-Q-R
1754,40.76174133,-73.986924,A-C-E
1755,40.75417503,-73.98287073,7-7 Express-B-D-F-M
1756,40.71187734,-74.005163,4-5-6-6 Express-J-Z
1757,40.75802433,-73.982079,B-D-F-M
1758,40.75939633,-73.98471,N-Q-R
1759,40.76290033,-73.985412,A-C-E
1760,40.76128233,-73.983853,1-2
1761,40.7631589,-73.98270276,B-D-E
1762,40.75284633,-73.979798,4-5-6-6 Express-7-7 Express-S
1763,40.76121231,-73.9833567,1-2
1764,40.75165314,-73.97775349,4-5-6-6 Express-7-7 Express-S
1765,40.75786234,-73.981735,B-D-F-M
1766,40.75848633,-73.981158,B-D-F-M
1767,40.75897733,-73.981352,B-D-F-M
1768,40.75989633,-73.980706,B-D-F-M
1769,40.76280233,-73.981673,B-D-E
1770,40.76037333,-73.975562,E-M
1771,40.75710333,-73.972084,4-6-6 Express-E-M
1772,40.75727033,-73.971959,4-6-6 Express-E-M
1773,40.75711733,-73.971709,4-6-6 Express-E-M
1774,40.75772233,-73.969178,4-6-6 Express-E-M
1775,40.76224534,-73.968408,4-5-6-6 Express-N-Q-R
1776,40.76286033,-73.967555,4-5-6-6 Express-N-Q-R
1777,40.76196833,-73.966114,4-5-6-6 Express-N-Q-R
1778,40.76673333,-73.982589,1-2-A-C-B-D
1779,40.76767733,-73.982526,1-2-A-C-B-D
1780,40.76419033,-73.980721,N-Q-R
1781,40.76529633,-73.980063,N-Q-R
1782,40.66055013,-73.83042049,A
1783,40.60793799,-73.81596848,A-S
1784,40.76564833,-73.979787,N-Q-R
1785,40.76864933,-73.981184,1-2-A-C-B-D
1786,40.76421033,-73.977442,F
1787,40.76398957,-73.97723753,F
1788,40.76450633,-73.97686,F
1789,40.76470833,-73.972298,N-Q-R
1790,40.76480833,-73.972222,N-Q-R
1791,40.76485733,-73.966464,F
1792,40.71222833,-74.004302,4-5-6-6 Express-J-Z
1793,40.71419433,-73.990352,F
1794,40.71987033,-74.005038,A-C-E
1795,40.74288052,-73.99250577,F-M
1796,40.7426598,-73.99248905,F-M
1797,40.74297702,-73.99318831,F-M
1798,40.72070434,-74.004999,A-C-E
1799,40.71830433,-74.000138,4-6-6 Express-J-Z-N-Q-R
1800,40.71918633,-74.001789,4-6-6 Express-J-Z-N-Q-R
1801,40.71958533,-74.00193,4-6-6 Express-J-Z-N-Q-R
1802,40.71850633,-74.000826,4-6-6 Express-J-Z-N-Q-R
1803,40.72287833,-74.006518,1
1804,40.72559533,-74.004326,A-C-E
1805,40.72784033,-74.005681,1
1806,40.72847233,-74.005188,1
1807,40.71815533,-73.993452,B-D
1808,40.72246833,-73.997397,4-6-6 Express
1809,40.72420733,-73.997601,N-R
1810,40.72549933,-73.996387,4-5-6-6 Express-B-D-F-M
1811,40.72595833,-73.994829,4-5-6-6 Express-B-D-F-M
1812,40.72575533,-73.994367,4-6-6 Express
1813,40.72395034,-73.991298,F
1814,40.73060233,-73.992631,N-R
1815,40.73057833,-73.992216,N-R
1816,40.73351533,-74.003147,1
1817,40.73365233,-74.003006,1
1818,40.73109133,-74.001127,A-C-E-B-D-F-M
1819,40.73072733,-73.992529,N-R
1820,40.71390633,-73.990014,F
1821,40.71835833,-73.988446,F-J-M-Z
1822,40.71841433,-73.987195,F-J-M-Z
1823,40.73307233,-74.000192,A-C-E-B-D-F-M
1824,40.71553928,-74.00942652,1-2-3
1825,40.71826569,-73.99387677,B-D
1826,40.6793339,-73.9952502,F-G
1827,40.68091575,-73.99412861,F-G
1828,40.68559633,-73.991482,F-G
1829,40.68662534,-73.9904,F-G
1830,40.6944426,-73.99269217,2-3-4-5-N-R
1831,40.69765133,-73.993033,2-3
1832,40.6773013,-73.98330488,D-N-R
1833,40.68087233,-73.975655,2-3-4
1834,40.69212426,-73.98612937,N-R
1835,40.69093133,-73.985435,2-3
1836,40.69004933,-73.984215,2-3
1837,40.69207586,-73.98521793,N-R
1838,40.69152795,-73.98239904,B-D-N-Q-R
1839,40.68382833,-73.978473,2-3-4-5-B-D-N-Q-R
1840,40.69230641,-73.98741859,A-C-F
1841,40.67743957,-73.9728139,B-Q
1842,40.67054563,-73.959035,2-3-4-5-S
1843,40.67047233,-73.9577396,2-3-4-5-S
1844,40.67470462,-73.95781103,S
1845,40.68986472,-73.98153072,B-D-N-Q-R
1846,40.69942716,-73.99140115,A-C
1847,40.58516586,-73.82057673,A-S
1848,40.69256019,-73.99014068,2-3-4-5-N-R
1849,40.73858533,-73.999405,1-2-3-L-F-M
1850,40.73955033,-74.002389,A-C-E-L
1851,40.74059833,-74.002185,A-C-E-L
1852,40.74123533,-74.001715,A-C-E-L
1853,40.71040033,-74.007933,2-3-4-5-A-C-J-Z
1854,40.71271233,-74.007766,2-3-A-C-E
1855,40.74510233,-73.998365,A-C-E
1856,40.73737033,-73.997079,1-2-3-L-F-M
1857,40.73751934,-73.99697,1-2-3-L-F-M
1858,40.73731633,-73.996508,1-2-3-L-F-M
1859,40.73871833,-73.996121,1-2-3-L-F-M
1860,40.73867833,-73.995632,1-2-3-L-F-M
1861,40.71208209,-73.88953957,M
1862,40.73477233,-73.990964,4-5-6-6 Express-L-N-Q-R
1863,40.73633933,-73.990603,4-5-6-6 Express-L-N-Q-R
1864,40.74108133,-73.998105,1-2
1865,40.74101533,-73.99758,1-2
1866,40.73883833,-73.996023,1-2-3-L-F-M
1867,40.74581434,-73.997852,A-C-E
1868,40.71308633,-74.00705,N-R
1869,40.71352133,-74.006697,N-R
1870,40.74653533,-73.997271,A-C-E
1871,40.74401733,-73.995901,1-2
1872,40.74282533,-73.992383,F-M
1873,40.74659433,-73.993555,1-2
1874,40.74739233,-73.99351,1-2
1875,40.75098233,-73.990899,1-2-3
1876,40.75153934,-73.994181,A-C-E
1877,40.75143233,-73.993538,A-C-E
1878,40.75217833,-73.993701,A-C-E
1879,40.75305333,-73.993256,A-C-E
1880,40.75268933,-73.992742,A-C-E
1881,40.75580133,-73.990576,1-2-3-7-7 Express-S-A-C-E-N-Q-R
1882,40.73424834,-73.989672,4-5-6-6 Express-L-N-Q-R
1883,40.73313433,-73.987041,L
1884,40.73312233,-73.986548,L
1885,40.73148333,-73.982145,L
1886,40.74066333,-73.989201,N-R
1887,40.71431333,-74.008584,2-3-A-C-E
1888,40.71573633,-74.009328,1-2-3
1889,40.71453933,-74.008428,2-3-A-C-E
1890,40.71509933,-74.007989,2-3-A-C-E
1891,40.71925133,-74.007058,1
1892,40.71988833,-74.006925,1
1893,40.70947533,-74.006409,2-3-4-5-A-C-J-Z
1894,40.74113433,-73.988919,N-R
1895,40.73998433,-73.986343,4-6-6 Express
1896,40.74531233,-73.988954,N-R
1897,40.74529033,-73.988542,N-R
1898,40.74335134,-73.984302,4-6-6 Express
1899,40.74312834,-73.983806,4-6-6 Express
1900,40.74325733,-73.983738,4-6-6 Express
1901,40.74564134,-73.982103,4-6-6 Express
1902,40.74663233,-73.981882,4-6-6 Express
1903,40.74847733,-73.988288,B-D-F-M-N-Q-R
1904,40.74983233,-73.988169,B-D-F-M-N-Q-R
